text,label,notes,source_url
"Phantasm becomes the first ever player to hit 4000 LP In patch 26.6 Riot changed how the LP system worked, removing a LP cutoff that kept the LP of Challenger players from climbing too high. When Riot did this, Riot Phroxzon predicted that the top of ladder could come close to 4000 LP. [https://x.com/RiotPhroxzon/status/2034692755054907517](https://x.com/RiotPhroxzon/status/2034692755054907517) https://preview.redd.it/x2tto52mzk8h1.png?width=696&format=png&auto=webp&s=28f8daf16cfb3c974458b7e7502a410decb3cafa Phantasm has exceeded that and has become the first player to ever hit 4000 LP on EUW on the account [Phanta#107](https://dpm.lol/Phanta-107). https://preview.redd.it/ncrsfmpiyk8h1.png?width=1028&format=png&auto=webp&s=cb5a57daaf99cd0495b5364033fabdc0de50cf5d He has a 64% winrate on Akshan over 486 games while playing in challenger mmr, truly an insane achievement. https://preview.redd.it/4p37lu6vyk8h1.png?width=253&format=png&auto=webp&s=dd29881cc4f606c73b29a39d2d3279057cd2fa2a",analysis,manual override,
"i0ki played vayne to prove a point, but is missing context. i0kis latest video has him playing on a silver 2 account with the point trying to show how easy adc is. [https://u.gg/lol/profile/na1/valiadrinaid-na1/overview](https://u.gg/lol/profile/na1/valiadrinaid-na1/overview) If you take a look its for sure the game he posts, with a thumbnail saying how its not hard at all.[https://www.youtube.com/@i0kiVids/videos](https://www.youtube.com/@i0kiVids/videos) If it isn't hard at all why did he go 0/9/1 on vayne the game before, and why isn't he playing at his actual rank? I just find it curious that all of that was left out. I get needing to make content and what not. Gotta play the game i suppose. Just a shame a player of his caliber is just taking a piss instead of taking the opportunity to teach the player base what he has learned. TLDR smurfs gotta smurf and i suck at league of legends",analysis,manual override,
"Aegis is too unbalanced in favour of non-priority roles In the top 10 EUW, there are currently 8 [midlaners](https://dpm.lol/leaderboards?platform=euw1). The reason is obvious, the most popular role gets autofilled the most, and hence get guaranteed aegis the most. Add on the fact that theres tons of midlaners that can be flexed into other lanes, and the opponent will also be autofilled. The aegis distribution makes the ladder completely unfair in favour of mid/bot the two most popular roles (or whichever roles are most popular in your server) My guess is the aegis 'drop rate' for priority roles is balanced around low elo and hence it will never catch up to the autofill rate. My preferred solution is to remove this stupid system, but if they insist of doubling down on aegis then at least make aegis rate balanced across all roles at all ranks. Current system is completely unfair and does not promote competitive integrity.",analysis,manual override,
"Deathfire Touch duration refreshing logic is very odd. I'm not sure if anyone has mentioned this, but I find it very odd that the way DFT refreshes its duration is by overwriting its current duration with a new duration. Since DFT have different durations for single target (4 seconds), AoE (2 seconds) and DoT spells (1 second), it is extremely likely you will accidentally overwrite a single target duration with an AoE duration resulting in damage loss with the current way DFT is implemented. An example is on Smolder, who is a big user of DFT. Since Q is considered a single target spell and W is considered an AoE spell, when you cast Q into W, Q's single target 4 second DFT duration gets instantly overwritten by W's 2 second DFT duration, resulting in Smolder not getting the 75% increased damage of DFT. Here's a video showcasing this: https://reddit.com/link/1ubi5wq/video/tz1auvabrk8h1/player The more sensible implementation imo is to have the duration of DFT be **EXTENDED** with the respective durations up to a cap of 4 seconds. This will make it so that single target spells duration of 4 seconds do not get overwritten by AoE spell duration, so you do not lose damage by casting an AoE spell immediately after a single target spell. If DoTs are an issue with it being able to sustain a 4 second duration with the extension implementation, maybe lowering the DoT duration to 0.5 seconds is the solution. Edit: I DO NOT THINK THAT THIS IS A BUG! MODS PLEASE DO NOT REMOVE MY P",analysis,manual override,
"2000 LP is not enough anymore for Challenger rank on EUW https://op.gg/de/lol/leaderboards/tier?region=euw I know this was intended by Riot with their changes but it is still mind-blowing to me. Not sure how people generally feel about this. Is it exciting to see numbers go higher and higher and watch how far people can get? Is it discouraging to reach master and knowing that even by playing 10 games per day with a 80% win rate you will never get close to rank 1? Really not sure where this is going to lead or how high numbers will get, just crazy how the ladder exploded this season",analysis,,
"Why was the Ryze rework dumbed down? So, I was watching some old spotlights for fun and I noticed that Ryze rework used to be much different compared to today. He just looked so much more interesting to play, compared to today where you just spam eqeqeqeq. The way his spell flux used to work is the most intriguing part to me, you either had to spell flux a target twice for it to spread or you had to kill a spell fluxed target for it to spread. Feels like you had to give it more thought to spread flux effectively. I can see that some of the other parts of the old kit could be a little obnoxious to play against, like getting a shield on empowered Q and base W rooting. So could someone who played the game back when the rework first released tell me why was he changed? Was he too strong? if yes why didn't they just nerf him instead of making him easier?",analysis,,
"[OFFICIAL] Support Ceos has been allowed to explore his options as announced by Shopify Rebellion After a historic two years as the first Brazilian player in LCS, today we will be allowing @Ceoslol01 to explore his options. Thank you for your passion, kindness and lifelong memories we were able to make together. We wish you the best of luck in your next chapter, obrigado 💚 https://x.com/i/status/2068378347218809004 Thank you Ceos 💚 History made. Countless memories. A Rebel forever. https://x.com/i/status/2068408628877643798",analysis,,
"ENC Qualifiers - Asia, Europe and MEA Day 2 Top 4 So the Top 4 (6 in Mea) for every Qualifier but the Americas are now decided. Two teams in each qualifier will make it to the main event meaning the winner of the Upper Bracket Final in Each is Qualified. Tomorrow we will start the BO3s for this. **ASIA** **Upper Bracket Hong Kong vs Japan** No surprisesd in Asia we have Hong Kong with YSKM, Holo, Pretender, 1xn and Kaiwing vs Japan with Momo, HRK, Enapon, MayR and Kurahuto. Hong Kong is the big favorite for this and had no issues with Sri Lanka while Japan beat both Mongolia and India but having big issues vs Mongolia ina 36 Minute Slugfest win. **Lower Bracket Bangladesh vs Mongolia** Both teams here getting knocked in the lower bracket early, Bangladesh with RTO, Safin, Zaiyan, Ratul and Ishayat lost to Sri Lanka in Round 1 before beating India in the lower bracket round 2 (with a bye in Round 1) Mongolia meanwhile had a rough draw of Japan in Round 1 where they showed a good game and narrowly lost. They roster of Yukme69, Yuuji (yes the TL one), EQon, River and 202 backed up their performance and beat both Pakistan and Sri Lanka in the lower bracket. **SEA and Oceania** **Upper Bracket New Zealand vs Singapore** New Zealand (Chippys, Lost, Raes, Shok and Whynot) beat Brunei, Australia and Phillipines while Singapore (Dust, Blueprint, NekoDesu, Blaze and Yril) beat Indonesia and Thailand. **Lower Bracket Phillipines vs Australia** Phillipines",analysis,,
"Does the role quest system contribute to the rise in popularity of marksmen/mage top? Since lane swapping is effectively dead with the role quests, it makes it easy for a bully champion to lock themselves into a favorable lane matchup for the early game. &#x200B; &#x200B; Not saying anything does or doesn't need to be adjusted there, I just haven't noticed any discussion about the two being related and wondered what other people think.",question,manual override; reviewed relabeled analysis->question; reviewed relabeled analysis->question,
"This has been by far the worst season for knowing what you are up against. Context Masters NA Is it Tristana Mid, Brand Bot? Or is it Tristana Bot, and ASol mid? Is it yasuo or taliyah bot? Thresh, Swain, Sivir, Brand, Hwei. I bet you $100 you will guess wrong on where these players went. Syndra top and Vayne mid, Hwei bot. Asol top, mel mid, irelia bot. These are all in the last 20 games and there’s far more egregious ones that I’ve seen. But it’s also just constant even if it is just as simple as not knowing whether the mage or the tristana/yasuo/irelia is going bot. Multiple people have talked about this but I’m curious what the wider community thinks about a simple change to champion select. After every champion is locked in simply show the associated role quests with each champion. You still have some flex deception but just like in pro you know what you are actually going to be laning against when you make your runes once everything is locked in.",question,manual override; reviewed relabeled analysis->question; reviewed relabeled analysis->question,
"MSI 2026 Pick'Ems Crystal Ball - By the Numbers I couldn't find anyone doing a by the numbers for MSI 2026 Pick'ems Crystal Ball. So I took the stats from Oracle's Elixir and created a ranking based on the play-ins and MSI teams and their players. There are some obvious answers like T1 being a go to for Play-Ins teams, but I was surprised by how high Caliste's KDA is, even though they lost the finals against G2. Check it out and let me know if there are any more stats you'd like to see added / reflected. https://wards.lol/lol-esports/pick-ems/2026/msi",analysis,manual override,
"I used Official Numbers to calculate the Map length in Meters Heres how: First I had to know how long the map is in Units, the official number riot uses. I simply asked Riot support and since they oculdnt give me an answer in Kilometers they gave me the answer in units. Blue Team Obelisk to Red Team Obelisk is 20500 Units long. I then looked up eternals that measure distance traveled in Kilometers and used Poppies ""GTFO"" Eternal for the calculation. It measures the distance an enemy was knocked back in Kilometres and, tracks it live ingame in meters. On lolwiki it says a maximum charged ult knocks an enemy back for 3400 units. So all I had to do was throw some maxrange ults in Swiftplay. The number is not always the same but close enough to conclude an average of 20.5 meters. Now we simply have to divide 20.5 by 3400 and multiply it by 20500 to get the map length in meters. This gives you a distance of 123.6 meters or 132.2 yards from obelisk to obelisk. FInally we are able to calculate how fast ww is running at us in real world speed! Also fun fact iff teemo is 100 units tall he would be about 60 cm tall or 1.97 foot. TL;DR The Map is 123,6 meters / 132.2 yards long and teemo is smol.",analysis,manual override,
"The biggest Riot leaker ""BigBadBear"" has been HWID banned and has taken their channel down the leaker ""BigBadBear"" is a Riot leaker who was believed to have insider connections to Riot Brazil, they have leaked pretty much every single new announcement, event, champion, etc that Riot has made weeks before they became public, most recently Locke. As shown on his twitter his Riot account has been HWID banned and Rioter Drew Levin has confirmed that this ban was given deliberately. [https://x.com/BigBadBear\_/status/2065881581458190377](https://x.com/BigBadBear_/status/2065881581458190377) https://preview.redd.it/sjrbnlzzu68h1.png?width=699&format=png&auto=webp&s=54f4ae572e4865514b0505931676094c2a0df3b9 BigBadBear has also released a video saying that they are gonna delete their channel after getting multiple copyright strikes on their account. [https://www.youtube.com/watch?v=PIizO41iYAs](https://www.youtube.com/watch?v=PIizO41iYAs) https://preview.redd.it/xbdfyi0gv68h1.png?width=637&format=png&auto=webp&s=9c1dbc1e336f6544ccb2cfeac785f2099c6fe8a4 It's gonna be interesting not having everything leaked in the upcoming split.",analysis,manual override,
"The ""Small Town"" effect of high-elo: How do you navigate the lobby meta when you play with the exact same people every day? One thing that rarely gets discussed about the absolute top of the ladder is how incredibly small the player pool actually is. In Diamond or low Master, you rarely see the same name twice. But watching high elo streams, it feels like a small village. You know exactly who the enemy jungler is just by seeing a specific champion banned. You know who tilts fast, who is a one-trick, and who to dodge. For the players currently grinding in the GM and Challenger brackets, how much of climbing at that level is about actually playing the game vs. playing the *lobby*? Does knowing the personal habits and mental states of the 100-200 people in your specific MMR bracket become more important than raw mechanics? Would love to hear how you guys navigate this ""meta outside the actual game.""",question,manual override; reviewed relabeled analysis->question; reviewed relabeled analysis->question,
"Why is ksante considered ""pro jailed"" Let's look at his abilities, Q:short range straight forward, the stacking mechanic isn't anything new , the q3 is a hard to hit skillshot , but that doesn't make him ""pro jailed"" W:you're stuck in place ok , but you hain unstoppable and it's a pretty straight forward slash dash , maybe a little bit confusing and maybe there is but of difficulty in hitting it but nothing crazy E:the most straight forward ability, you dash gain a shield and the dash is bigger if its to an ally R: confusing? , sure but it can really be simplified into become a damage dealer instead of a tank with some added bonuses Spacing is an issue but spacing is an issue in a lot of champions so that isn't the thing that makes him ""pro jailed"" The fact that he's a tank means that mistakes will be less punished because you're a tank Now sure he has 2 dashes which isn't really new player friendly material but still , nothing I've seen so far makes him pro jailed So why is he considered ""pro jailed""",analysis,manual override,
"I am an Ambessa main with 61% winrate. But I cannot find the right conter for her, no matter what. I always Permaban Darius. If she gets picked by enemy, i simply cannot figure out, how i should play the game against her. Please suggest me a few champs and also how I should play it into Ambessa. Thanks.",analysis,,
"MSI 2026 Pick’Ems are live on RFT, make your predictions to earn many prizes https://preview.redd.it/1ypycz5tbg8h1.png?width=1080&format=png&auto=webp&s=84d2207baa143b86335b941c2350753b8c73eb80 https://preview.redd.it/f3wj3lrtbg8h1.png?width=1080&format=png&auto=webp&s=540e1d6d59f1e776d097388f9e73ee2adbc7e845 Which player will be the highest KDA ? Which champion will be picked the most ? How many reverse Sweep ? Will KC really 3 - 0 T1 ? Try to win a Logitech setup, Fulllife Vouchers, League RP with all prizes available all the way from 1st to 63rd place ! Make your picks on RFTGG : [https://rft.gg/event/msi-2026/pickems](https://rft.gg/event/msi-2026/pickems)",analysis,manual override,
"As I’m climbing up the ranks as a Seraphine mid one trick, feel free to speak with me about League and Seraphine! https://op.gg/lol/summoners/na/Blue%20Comfort-NA1 Here is a link to my op.gg so anyone can look at my profile. Currently D2 and hoping to hit masters by the end of the week! I also play other champions than Seraphine in my roster.",analysis,,
"Gain/Loss LP ridiculious Hello everyone, &#x200B; I'm facing a difficult period in lol, I'm stuck betweet plat 1 and emerald 4 with 53% WR in 300 games but i have a bigger problem with my gain of LP. &#x200B; Yesturday I demoted plat 1 50LP but in few game I reached 82 lp so I was like ""one more win to promote"" so I played another and win but i didnt promote because I only won 16 lp. &#x200B; So I played an other one and I lose it then I lose 23 LP &#x200B; Why my gain are this way I don't say that I'm so better that people or else just how riot thinks I want to continue to play when besides a positiv WR there is this gap of lp when I win and when I lose? &#x200B; There is my op.gg link to have a better wiew on my profil : https://op.gg/fr/lol/summoners/euw/Yomb-BMS",analysis,,
"look at the french streamer challenge, every top and support is lower lp because they dont get aegis",analysis,manual override,
"Ya they said its supposed to be the same rate of aegis if you queue a priority role but it's obviously not the case I can play 100 games of top/support and get aegis mabye once, if I queue mid/bot I get it way more often especially if I queue at hours without alot of players.",analysis,,
"Exactly this. Dozens of toplane streamers swapped to mid/jgl or mid/adc, just because they get higher lp with this. I think i read that challengers who queue mid/adc get 35% of games aegis. And since noone queues top, its autofill v autofill so you dont even have a disadvantage ingame.",analysis,,
"Why is ksante considered ""pro jailed"" Let's look at his abilities. Q: short range straight forward, the stacking mechanic isn't anything new, the q3 is a hard to hit skillshot. W: you're stuck in place ok, but you gain unstoppable and it's a pretty straight forward slash dash. E: the most straight forward ability, you dash gain a shield. R: confusing? sure but it can really be simplified into become a damage dealer instead of a tank with some added bonuses. Spacing is an issue but spacing is an issue in a lot of champions so that isn't the thing that makes him pro jailed. The fact that he's a tank means that mistakes will be less punished because you're a tank.",analysis,manual override,
"IMO it should be extended to the spell type's respective cap. For example, if you hit a single target spell, it puts a 4 second dot, then hit an AoE spell, it does nothing. However, if you hit a single target spell, then wait 3 seconds (1 s remaining) and hit an AoE spell, the duration gets refreshed to 2 seconds. That way you never lose damage by overwriting a longer burn with a shorter one.",analysis,manual override,
"So in other words: If new spell hit burn duration is lower than current remaining burn, do nothing. Otherwise, apply as normal.",analysis,manual override,
"I think it is fine, they should just make laneswapping ingame possible again.",analysis,manual override,
"it's more about what he's really good at, he's an omega front line space making peel champ, so in proplay he works really well because he gets to do 5v5 fights. but in soloq there's way too many scattered fights over nothing, so he doesn't even have anyone to peel for most of the time",analysis,manual override,
"Ornn passive with item upgrades is probably the tankiest passive. He gets 30% increase to bonus hp, armor and mr when fully upgraded.",analysis,manual override,
"Watch alois play garen. The fundamentals are real. Get leads consistently and safely. Keep farming while finding windows to fight, the movespeed helps with that.",analysis,manual override,
I remember the shield being a really big problem in top lane. Ryze players were doing archangels+2nd item frozen heart and demolishing AD toplaners in the sideline completely 0 counterplay.,analysis,manual override,
"I think he was considered OP in high ELO and pro play, but bad for most players, kinda like Azir was (and still is). But Riot also thought his kit was unhealthy for the game so they changed him many times",analysis,manual override,
wait so deathfire touch resets only sometimes?,question,manual override; reviewed relabeled analysis->question; reviewed relabeled analysis->question,
Why is ksante considered pro jailed Let's look at his abilities. Q: short range straight forward. W: you're stuck in place but you gain unstoppable. E: you dash gain a shield. R: become a damage dealer instead of a tank. Spacing is an issue but that isn't unique to K'Sante.,question,manual override; reviewed relabeled analysis->question; reviewed relabeled analysis->question,
"This has been by far the worst season for knowing what you are up against. Is it Tristana Mid, Brand Bot? Or Tristana Bot, and ASol mid? Thresh, Swain, Sivir, Brand, Hwei. I bet you $100 you will guess wrong on where these players went.",hot_take,manual override; reviewed relabeled analysis->hot_take; reviewed relabeled analysis->hot_take,
"Aegis is too unbalanced in favour of non-priority roles In the top 10 EUW, there are currently 8 midlaners. The aegis distribution makes the ladder completely unfair in favour of mid/bot.",hot_take,manual override; reviewed relabeled analysis->hot_take; reviewed relabeled analysis->hot_take,
"Deathfire Touch duration refreshing logic is very odd. Since DFT have different durations for single target (4 seconds), AoE (2 seconds) and DoT spells (1 second), it is extremely likely you will accidentally overwrite a single target duration with an AoE duration resulting in damage loss.",analysis,manual override,
"The biggest Riot leaker BigBadBear has been HWID banned and has taken their channel down They have leaked pretty much every single new announcement, event, champion, etc that Riot has made weeks before they became public.",analysis,manual override,
I used Official Numbers to calculate the Map length in Meters Blue Team Obelisk to Red Team Obelisk is 20500 Units long. This gives you a distance of 123.6 meters from obelisk to obelisk. TL;DR teemo is smol.,analysis,manual override,
MSI 2026 Pick'Ems Crystal Ball - By the Numbers I took the stats from Oracle's Elixir and created a ranking based on the play-ins and MSI teams and their players.,analysis,manual override,
"ENC Qualifiers - Asia, Europe and MEA Day 2 Top 4 So the Top 4 for every Qualifier but the Americas are now decided. Two teams in each qualifier will make it to the main event.",analysis,,
"i0ki played vayne to prove a point, but is missing context. If it isn't hard at all why did he go 0/9/1 on vayne the game before, and why isn't he playing at his actual rank?",analysis,manual override,
This has been by far the worst season for knowing what you are up against. Multiple people have talked about this but I'm curious what the wider community thinks about showing role quests with each champion after lock in.,analysis,manual override,
Patch 26.12 notes say they fixed the Nautilus hook collision bug but I reproduced it twice yesterday with replay timestamps.,analysis,,
I compared first-drake take rates vs win rate in my last 80 Platinum games and the correlation basically disappears after 20 minutes unless soul point is involved.,analysis,,
"I miss twisted treeline I know it got removed in 2019, still was my favorite mode in league. It was different than rift and when you’d get bored of 5vs5 you had a different option. Should be brought back especially with the new champions would be fun to see how it would play out.",hot_take,manual override,
"why did sylas get buffed recently? he was in a fine spot, you got rewarded for snowballing and playing well, now hes just overtuned and you can almost just slobber on the keyboard and win",hot_take,manual override,
"I can't believe some people still play this game after coming back from a break I've always been lowkey addicted to league, I'm the usual gold-plat hardstuck guy playing 500 games a season, following LCS and LEC closely and lurking this subreddit daily since 2014ish. On 2024 I quit playing league as I started blasting POE and POE2, sometimes AoE2 aswell and it has been so good since then. Now that I'm getting done with POE2's lastest patch and I have like a week before next POE1 event, I decided to queue up for some soloq after a couple years. Now, I know plat 4 isn't known for being an elo full of nice people and pleasant teammates, but it wasn't the every game usual anyways, or so I thought. Load up into a game, start 3/0 and everything is going well, but ADC goes afk. Oh well, maybe his power went away, he was 0/5 in lane but these things happen. Second game, jungler has a mental breakdown mid-game and decided his teammates are accountable for his suffering. Well everyone can have a toxic teammate every once in a while. Third game somebody is letting me know I will be r\*p\*d and then m\*rd\*r\*d for not contesting some jungle camp. Yeah, I'll stick to the games whose average player is 30+, I can't enjoy league anymore but that's a side effect of aging I guess. I used to love queueing up for ranked with my favourite music playing so much but these last 3 games were hell.",hot_take,manual override,
"Does this season feel very off ? Does anyone else feel like the game has given wayyy to much ways of comming back for the losing team this season? It feels like it could always be a coin toss to who will win. Idk this might be my experience playing in plat LOL. (Btw I’m a casual player so non of my takes should be taken Seriously, just tryna educate myself)",hot_take,manual override,
"Not beeing able to ff in arena when you have an afk should be fixed In Arena, if you have a guys beeing afk since start of the game, you cant ff. Even if your other teammates pressed yes, you cant ff with only two votes. That is just not fun and has been a problem since forever. There is no excuse to not fix that. The afk person was NOT moving and not using any ability or attacking anything whole match, so this is an easy indicator If someone is afk. We where locked in the match for 13minutes (we lost every single match). The player who was afk also didnt get noticed by the system (I think) because there was no visual context like in 5v5 when someone went afk. But I wonder why this is still not fixed yet.",hot_take,manual override,
"Top lane sucks... How can I carry my games? I've played top lane for most of my one year of League of Legends experience. I reached Plat 3 before dropping back down to Gold 1. I tracked all of my losses, and with the exception of a single game, every loss came down to either my bot lane feeding the enemy ADC or my jungler making a terrible call that the rest of the team followed. In every single one of those games, I won my lane phase. Of course, I can improve my impact on the game, although as a Garen OTP I don't think I have a particularly strong global influence. I'm also sure that any Challenger player could have carried the games I lost on the way from Plat 3 to Gold 1. That said, I've also had plenty of games where I went 0/5 in lane, but my bot lane won hard and we still won the game. From my perspective, it often feels like the outcome is determined almost entirely by bot lane: if your bot lane wins, you win the game; if your bot lane loses, you lose the game. That said, I think that there must be a way for me to carry my game if I am 5/0 at minute 15, yet it seems I miss it.",hot_take,manual override,
"Just absolutely confused by the Matchmaking on this game even after playing a lot Am by no means a super great League player and have too much free time asides from just working, so am hardstuck Diamond 1/Low Masters hopping. But could someone please explain to me this matchmaking discrepancy? would just like to play in my righteous skill level, cause this has happened MULTIPLE times this season. Played 3 games Saturday morning with Diamond 2-ish MMR. First lobby is a low-mid Diamond lobby that has a legitimate Emerald 3 player.... Anddd 2 games later we get Mordekaiser ulted to another Galaxy of matchmaking... where the lowest rated player in the entire Match is rated Masters 500 LP, featuring also a Grandmasters 1100 LP and Challenger 1400 LP (Rank 100) Match 1: [https://op.gg/lol/summoners/na/Nima%2520Soltani-Amir/matches/4-Edu6ZdgKqs3uAAxDYYno40Xnwk3Mp4Jpz6Stv4R7g%3D/1781950614000](https://op.gg/lol/summoners/na/Nima%2520Soltani-Amir/matches/4-Edu6ZdgKqs3uAAxDYYno40Xnwk3Mp4Jpz6Stv4R7g%3D/1781950614000) (about the rating normally belong in) Match 2: [https://op.gg/lol/summoners/na/Nima%2520Soltani-Amir/matches/4-Edu6ZdgKqW0jE3z1QNV\_PdtKYDmMM7zB7hZK2jHQE%3D/1781954941000](https://op.gg/lol/summoners/na/Nima%2520Soltani-Amir/matches/4-Edu6ZdgKqW0jE3z1QNV_PdtKYDmMM7zB7hZK2jHQE%3D/1781954941000) (wtf? Literally two games after the 1st match - how did we get here?)",hot_take,manual override,
Lobby termination needs to be better I've had two lobbies this week where someone was blatantly attempting to troll the match. Talking in the lobby chat that they would but because they didn't spam talk in the chat the lobby didn't terminate and I had to dodge.,hot_take,manual override,
"This Game Has Been Homogenized For The Worse. When I started playing League, there was a tremendous amount of variety in the game. For example, couldn’t select your role. This meant you had to be able to flex into different roles, or in low elo you might even end up with a duo both top and bot (nobody wanted jg back then). You had 2 minutes to invade, make plays as a team before minions spawned. Dragons took longer to spawn and were just a mediocre gold reward, not some clockwork objective with soul baked into it so you can back an orchestrated team fight every 5 min. Games in general didn’t play out the same boring script every single time (head right to lane, farm til drake, team fight) Not to mention it felt like farming actually mattered more back then. As opposed to now a 40 cs lead on some champs feels like nothing. I’m sure some people like this scripted game more than the oldschool style, but I’m so tired of the same orchestrated game over and over again. Not to mention all the same type of changes they’ve made to the ladder (Aegis / LP system) it just seems like they’ve coddled everyone to the point the game is just the same every time you queue.",hot_take,manual override,
Why is typing more of negative gameplay experience than feeding? I legit can’t work it out. If someone is being perma toxic and flaming people but they are pulling their weight in game the only negative experience I have from that is until I bother to press mute which I can do any time I want. But if someone is 0-8 in 15 mins why am I expected to praise and baby them that it’s okay and they’ll do better next time? They have ruined my gameplay experience cause the enemy is now so far ahead a comeback unrealistic. Just because it’s unintentional should not excuse bad gameplay.,hot_take,,
"TT was fun whenever you couldn’t get a full squad on. Me and friends played a lot of ranked 3s back in the day. Definitely miss it too, man.",reaction,reviewed; was short default; relabeled hot_take->reaction,
Tt & dominion in rotating game mide would be nice. Tt during halloween,hot_take,short default,
he's doing it with -33 +27 gains too jesus this guy is a soloq demon,reaction,reviewed; was short default; relabeled hot_take->reaction,
"the next highest server is vietnam at 3400, and EUNE and LAN are at 3000",analysis,reviewed; was short default; relabeled hot_take->analysis,
"by god the inflation for LP max is so high, what do these numbers even mean anymore",reaction,reviewed; was short default; relabeled hot_take->reaction,
Bro it's ioki. The best he can do in high elo is play extremely safe and hope to get carried and that just doesn't make for a good clickbait title. So of course he's gonna smurf that's what he always did.,hot_take,manual override,
So the same crap he's been doing for years and everyone already knows about?,reaction,reviewed; was short default; relabeled hot_take->reaction,
"TT was fun whenever you couldn't get a full squad on. Me and friends played a lot of ranked 3s back in the day. Definitely miss it too, man.",hot_take,short default,
"You ever thought maybe if you arent climbing, you are meant to be there?",hot_take,short default,
I emailed riot and asked for it since my wr% dropped w/ my main. ur welcome,reaction,reviewed; was short default; relabeled hot_take->reaction; reviewed relabeled hot_take->reaction,
"Play game, have fun, keep playing. Play game, don't have fun, stop playing.",hot_take,short default,
He has the weirdest limits. A 10hp ksante sometimes can kill a full hp opponent. The average player dont know the limits.,hot_take,short default,
You're just old if you're talking about duo top lol,hot_take,manual override,
"Duo top stopped being a thing as early as season 1, you're grasping at straws lol.",hot_take,short default,
"1350 and up, turn into OE. 975 or below, gamble.",reaction,reviewed; was short default; relabeled hot_take->reaction; reviewed relabeled hot_take->reaction,
I just reroll until I get something I like,reaction,reviewed; was short default; relabeled hot_take->reaction; reviewed relabeled hot_take->reaction,
First Brazilian Support benched in LCS history LFGGGGGGGGGGGG,reaction,reviewed; was short default; relabeled hot_take->reaction; reviewed relabeled hot_take->reaction,
One of the worst support in LCS history lmao. Now SR needs to kick out fraud coach and his nepo friends,hot_take,manual override,
"I have played well over 10,000 games and I've only seen this happen exactly once. Turn this screeenshot into a poster",reaction,reviewed; was short default; relabeled hot_take->reaction; reviewed relabeled hot_take->reaction,
"But if you win, you'll probably win the next one too...",hot_take,short default,
"Ornn. He gets 10% to 30% more of all tank stats, and he can also give stats to his team.",analysis,reviewed; was short default; relabeled hot_take->analysis; reviewed relabeled hot_take->analysis,
History made. Countless memories. A Rebel forever.,reaction,reviewed; was short default; relabeled hot_take->reaction; reviewed relabeled hot_take->reaction,
"T1 has good relationships with a lot of the teams, they have spent years building them",analysis,reviewed; was short default; relabeled hot_take->analysis; reviewed relabeled hot_take->analysis,
He has the weirdest limits. A 10hp ksante sometimes can kill a full hp opponent. The avergage player dont know the limits.,hot_take,short default,
"Top lane sucks... How can I carry my games? Every loss came down to either my bot lane feeding the enemy ADC or my jungler making a terrible call. In every single one of those games, I won my lane phase.",hot_take,manual override,
I can't believe some people still play this game after coming back from a break I queued up for some soloq after a couple years. ADC goes afk. Jungler has a mental breakdown. Third game somebody is letting me know horrible things for not contesting a jungle camp. I'll stick to other games.,reaction,manual override; reviewed relabeled hot_take->reaction; reviewed relabeled hot_take->reaction,
Does this season feel very off? Does anyone else feel like the game has given way too much ways of coming back for the losing team this season? It feels like it could always be a coin toss.,hot_take,manual override,
"Not beeing able to ff in arena when you have an afk should be fixed In Arena, if you have a guy being afk since start of the game, you cant ff. Even if your other teammates pressed yes, you cant ff with only two votes.",hot_take,manual override,
Just absolutely confused by the Matchmaking on this game Could someone please explain this matchmaking discrepancy? I played 3 games Saturday and two games later I'm in a lobby where the lowest player is Masters 500 LP.,hot_take,manual override,
"I miss twisted treeline I know it got removed in 2019, still was my favorite mode in league. Should be brought back especially with the new champions.",hot_take,manual override,
"Stop building full lethality on every ADC when the team has no front line. You are not Viper, you are inting. Every other game in Emerald I see a Lucian with Youmuu into Collector while our Ornn is the only tank.",hot_take,manual override,
Unpopular opinion: ranked flex has better lobby quality than solo duo at the same MMR and nobody wants to admit it.,hot_take,manual override,
Riot keeps adding dash spells to new champs and then wonders why skillshot reliability is a problem in solo queue.,hot_take,manual override,
Nocturne FANART by me i main nocturne so i just had to draw him! what else champs do u think would look good in my style? hope u like it! 💘 https://imgur.com/a/WE4UH5v,reaction,manual override,
"Tied for Most Damage Done [Image](https://imgur.com/a/unk9VGV) for ref - This might be most rare thing I've ever encountered, or at the very least I've never before seen it in my 16 years of playing the game. Me and My team's diana hitting the exact same damage in a 34 minute game for most damage dealt. It's not that cool overall, i get that, but i also just don't think i've ever encountered it before and honestly now I just wanna know how infrequently this has managed to happen.",reaction,manual override,
"I revived League Profile Tool and updated it for current League A while ago I forked League Profile Tool because the original app had stopped working properly with newer versions of the League client. I used the tool years ago and always thought it was a cool little project, but the client changed enough over time that a bunch of features eventually broke. The original repo also seemed inactive, so I started fixing it for myself and ended up adding more to it. The app is basically a local League client/profile tool. It uses the League Client Update API that runs on your own PC while the League client is open. Right now it has things like: * a live profile preview * match tools, including an auto-accept queue feature and a lane opponent prediction * friends list tools (an easier way to unfriend people) * League lobby invites (with lobby link generation) * Status editing without a message limit * a persistent invisible mode, so it reapplies when League resets you back online * profile icon changing * profile background changing * chat rank editing * champion purchase date preview * custom local client API requests * developer tools for exploring local client endpoints Just to be clear, it does not inject into League, modify game files, hook the game process, unlock content, add overlays, or do anything gameplay-related. It just talks to the local League client API. I also made a web demo for it here: [https://leagueprofiletool.servertheo.top](https://leagueprofiletool.",analysis,reviewed; was fallback; relabeled reaction->analysis; reviewed relabeled reaction->analysis; reviewed relabeled reaction->analysis; reviewed relabeled reaction->analysis,https://old.reddit.com/r/leagueoflegends/comments/1ubpwwa/i_revived_league_profile_tool_and_updated_it_for/
"Hit plat now feel flat Just today I reached my ranked goal of Platinum in the Adc role but feel flat about my why, my reason for playing and continuing further? I just wanted to be good at something but I feel like I’ve proved that to myself, now it feels like I have to make up a new why? What’s your guys reasons for continuing and pushing on? If I got to emerald that would be cool but not life changing, diamond I might be able to brag to my mates and they might tell their mates and their mates might be like cool… I love the game for all the reasons why one would like it but it does seem like an endless loop with not much feedback besides reaffirming that I’m good at the game, what’s beyond that wall? Sorry if my writing is bad, first reddit post! What’s your why?",reaction,manual override,
"I reached, for the first time ever in 13 years playing, Master in solo duo https://preview.redd.it/mb3ra6mq2f8h1.png?width=478&format=png&auto=webp&s=da0c05e4d57d27a3c4ddd044da60cfbd22423cc8 I wanted to share this accomplishment of mine. Many times I found myself hating the game, and then getting back to it for friends, to build a team, or to really push my skills further. All I want to say is... thank you League of Legends. What a wild ride it's been. For context, this is a second account where I decided to play midlane specifically and learn how to lane. My main account, where I played all these years, would be this one: [https://op.gg/it/lol/summoners/euw/J%20Sinon-PKM10](https://op.gg/it/lol/summoners/euw/J%20Sinon-PKM10)",reaction,manual override,
"We need a command that mutes chat and announces that we still see pings This would convey to the team that the player is still listening to pings, so the only way to communicate to them is through pings and not wasting time typing in chat. It's kind of weird that this option doesn't exist when /deafen and /muteself exist, so the only way to achieve this is to manually tell your team that you're turning off chat and leaving pings on.",hot_take,reviewed; was fallback; relabeled reaction->hot_take; reviewed relabeled reaction->hot_take; reviewed relabeled reaction->hot_take,
Evelynn drawing by me https://ibb.co/7N8tsysp I really like Evelynn so I decided to drawing her. Could you rate it from 0 to 10?,reaction,manual override,
"[FIX] Valorant -81/ League of legends VAN 57 I Spent close to three weeks on and off fighting VAN 57 / VAN -81 on League and Valorant. Full reinstalls, BIOS settings, registry edits, the works. Finally fixed it, and the actual root cause on my machine wasn't anything the usual guides mention, so here's the writeup in case it saves someone else the nights I lost to it. Do the standard stuff first. Most people get unstuck here and never need the second part. **Standard fix:** Close everything Riot-related first — Riot Client, League Client, Vanguard tray icon. Check Task Manager too, not just what's visible on screen, since stuff likes to hang around in the background. Flush DNS and renew your IP (admin Command Prompt): ipconfig /flushdns ipconfig /release ipconfig /renew Delete this file: C:\Windows\vgkbootstatus.dat It tracks Vanguard's last boot state, and it can get stuck in a bad state without any obvious symptom besides ""Vanguard just won't load."" Uninstall Riot Vanguard entirely, then reboot. Open Riot Client, launch the game, let it reinstall Vanguard. Here's the part that got me for way longer than it should have: when it finishes, Riot Client tells you you're good to press Play. Don't. If you do, it just reinstalls Vanguard again, tells you you're good again, and you're stuck in that loop forever. Vanguard's driver needs an actual boot cycle to load, and Riot Client's restart check doesn't always catch that — it just tells you no restart is",analysis,reviewed; was fallback; relabeled reaction->analysis; reviewed relabeled reaction->analysis,
"Guess who won the game from the draft : Thanks for the feedback, here's a new update Hey, Just a small update since a few people gave feedback on the project. Link : [https://guess-who-won.vercel.app/](https://guess-who-won.vercel.app/) I've finally made the site usable on mobile. It should be a lot more comfortable to play on a phone now. I also added the possibility to enter your own Riot ID (or a friend's) and get games from players around a similar rank instead of completely random matches. A couple of limitations: * EUW only for now. * It can take a bit of time to load because the data is collected on demand, especially if multiple people are using it at the same time. I also separated the game into two modes: * Guess the Winner * Guess the Champion For Guess the Champion, runes and summoner spells are still visible as clues. Thanks to everyone who tried the game and left comments on the previous post. A lot of these changes came directly from your suggestions. As always, if you have ideas or spot something weird, let me know.",reaction,,
"MSI 2026 FINALS In a Movie Theatre I ran a Worlds Watch Party for 2025 and it was an amazing time. Good people, great games. I'm thinking we run it back for MSI. Made an updated site for the event: 🔗 Grab a ticket / see details: [https://msiwatchparty.app](https://msiwatchparty.app) Details: 📅 Saturday, July 11, 2026 · 11:00 PM - 4:00 AM Depending on if it goes to 5 games 📍 Costa Mesa, CA / Orange County area — exact theatre finalized closer to the date (within \~10–15 min of South Coast) 🎟️ $20 a ticket, which includes 1 energy drink, chips, and 5 raffle tickets for the giveaways $250 predictions prize: We run a predictions game for the series (winner, exact score, MVP, per-game kills/duration). Whoever racks up the most points tops the leaderboard and takes the entire $250 There are also raffles/RP giveaways throughout the night. Last event was gaming mice, keyboard, gaming monitor, Riot merch and team jerseys. Tickets are live now and last year these went fast. Thanks to Wheatmousetv for making a great recap of the event for Worlds 2025 [https://www.tiktok.com/t/ZTBGFSeHw/](https://www.tiktok.com/t/ZTBGFSeHw/) Original Post from Worlds 2025: [Worlds 2025 Finals in a Movie Theatre : r/leagueoflegends](https://www.reddit.com/r/leagueoflegends/comments/1onq2ho/worlds_2025_finals_in_a_movie_theatre/) Happy to answer any questions in the comments — hope to see some of you there!",reaction,,https://www.reddit.com/r/leagueoflegends/comments/1onq2ho/worlds_2025_finals_in_a_movie_theatre/)
"I Got All the Scopes in Mayhem https://preview.redd.it/ara5euvc0k8h1.png?width=405&format=png&auto=webp&s=cf07c28fa55526910fc758ffb71ecf5d1ab00a2f I got Scopiest, Scopier, and Scoped weapons all in one game of Aram: Mayhem. Especially on Kayle it felt very powerful, but I am trash so I didn't do much anyway. But I was able to attack towers outside the tower range! Got a lot of question marks doing that",reaction,manual override,
"Role selection- bronze elo jungle main Comment has a more direct explaination. My question is as a jungle main should I spend time playing mid or toplane to learn lane fundamentals and if so which one? im also interested in support and adc but not as much I have been playing jungle only for years at an iron or bronze rank, currently bronze 2. I never really played other roles seriously. the last few weeks i have wanted to try other roles to learn skills that may transfer over for example i wanted to play kindred jungle but know my spacing is bad so i tried adc briefly(didnt actually commit to it). Then I tried midlane on ekko and really enjoy that in a different way than jungling, then i tried toplane tryndamere and again i enjoy that for a different reason. Im wondering what the thoughts are on learning the game through different roles. I am just now learning to actually understand wave mechanics instead of just ""freeze, push, slow push"" which has helped my jungling a bit but obviously im still learning more every game. So really my question is should I play multiple roles or swap to primarily mid or top and give jungle a break? I dont know the sentiment about which roles to learn first because at the end of the day i want to be good at league of legends not just jungle or midlane, i want to understand the game better. Im currently playing ""strong macro"" but i dont understand what i should be doing always or the difference between pushing out a wave for my laner vs when",question,reviewed; was fallback; relabeled reaction->question; reviewed relabeled reaction->question,
"The first day of results for the ENC Europe qualifiers (East, West) [Europe East Upper Bracket](https://preview.redd.it/rzkm9hkeoa8h1.png?width=1311&format=png&auto=webp&s=f2a010085a97d4542bafd768dd74ca5aaef53c5c) [Europe East lower bracket](https://preview.redd.it/xg2bez3hoa8h1.png?width=670&format=png&auto=webp&s=7183b6aaf32bead160d2fd83faeabf6e351e2faf) [Europe West upper bracket](https://preview.redd.it/nemtx5jpoa8h1.png?width=941&format=png&auto=webp&s=46bb2ce00b75547e32bef935c9060f3afddf99e8) [Europe West lower bracket](https://preview.redd.it/gs0t4513pa8h1.png?width=644&format=png&auto=webp&s=7bb85cac32c531e970f77a1049da7bf621ef15ae) Any interesting results for anybody? Feels like most results were expected, but maybe there will be more surprises in the future.",reaction,,
"Swiftplay matchmaking is crazy business Ran into this lobby earlier and had to double check if I was seeing things. Matchmaking really said ""good luck"" and threw everyone in a blender. https://preview.redd.it/430jn2rmuk8h1.png?width=152&format=png&auto=webp&s=44c652403d0e7c9fd89923b0ed8abb562eeda314",reaction,manual override,
old frames? I logged into the game today and everyone had their old frames for their pfp (except for one of my friends). Did anyone else experience this bug? https://preview.redd.it/gfeohzlx2k8h1.png?width=1039&format=png&auto=webp&s=a2cf2bfda8bddc3ddb0e7c77a3a547e348059294,reaction,manual override,
"Oh my god FINALLY! DAMMMNNN I ranked up! Platinum :(((( https://preview.redd.it/7bdspl88zk8h1.png?width=1266&format=png&auto=webp&s=ecec482e467a2946324feaa3be193d1b14c19307 I know it's a rank that isn't actually high elo, but my god, how BAD I've been at this game has no name. Finally climbing to something that isn't silver or gold... I know I'm still just as bad, but my god, I'm not playing anymore this season, I'm calling it a day.",reaction,manual override,
Welcome to botlane 2k26 (play happened mid tho) https://reddit.com/link/1uafbt7/video/uhq3lhvl9b8h1/player botlane meta 2x mages. was not a fun botlane. video shows a pure display of pure turbo pure mega pure skill,reaction,fallback,https://reddit.com/link/1uafbt7/video/uhq3lhvl9b8h1/player
"Can't play Draft despite meeting the requirements https://preview.redd.it/3xstibq8ve8h1.png?width=1912&format=png&auto=webp&s=74e5393655be7154210e6ceb995ac0005a12976d Translated message: ""Play 3 normal PvP games on summoner's rift to unlock this."" How am I supposed to unlock draft ? I have way more than 30 champs and just got level 10, what am I missing ? (Not to mention I already played swiftplay pvp, more than the required 3 games) UPDATE: After playing 3 swiftplays and restarting the client i finally unlocked it. Thanks to everyone who answered",reaction,,
"Why everyone hate mel? I don't suffer much when the enemy team has Mel, and I usually don't have problems when a teammate picks Mel either. She has never felt overly frustrating to play against in my experience, so I'm curious why so many players seem to dislike her. What are the main reasons people hate playing with or against Mel?",question,reviewed; was fallback; relabeled reaction->question,
"Why is Swift play like this? Why couldn't the starter items be the same and lane quests be included? It's supposed to be just faster. The elder Drake and removal of all that + sudden death (that doesn't burn the Nexus so it becomes a backdoor stalemate) are so plexing to me. It was perfect prior, just a faster no bans que with increased exp and gold. Now it's a whatever fest. Just make it the same and let us start level 1 so it's fast practice",hot_take,reviewed; was fallback; relabeled reaction->hot_take,
"Does Riot want the Elo inflation? A month ago, they reset master+, because everyones elo inflated, but they do not remove the reason for absurd lp gains? So what was the point? Is the easy fix not to remove the double lp/no lp loss they added at the start of the game? I'd rather have Master be top 0.1% again and im sure other ORIGINAL Master players agree.",question,reviewed; was fallback; relabeled reaction->question,
"Question about the honor système Hi, I have a quick question about the honor system. &#x200B; I had a terrible game—I was at 0/10/15 (I'm a new player). &#x200B; And I dropped from Honor 5 to Honor 4. What I don't understand is how I dropped, even though in some games I get the same scores and don't lose any honor?",question,reviewed; was fallback; relabeled reaction->question,
"ARAM Clash? Why are there so many ARAM clashes? Was there a demand for these over rift? Rift is already more popular than aram and i cant imagine the desire for competitive aram is that high. My friends and I are all excited for clash and as we lock in we realize its ARAM. In my opinion I think clash shpuld be for 5v5 competitive rift but its way too common for aram, I wouldn't mind the occasional but it feels like every other clash is aram. Just bummed when the only alternative for 5v5 rift for a competitive environment until the new mode is flex q which is just a meme.",question,reviewed; was fallback; relabeled reaction->question,
"How does league determine match termination? I just had a game where my chogath went 0/14/0 at one point until the very end where they got 2 assists and I want to figure out what determines a match termination and how is this not terminated. https://preview.redd.it/r25exwj8ij8h1.png?width=1502&format=png&auto=webp&s=958dc42ec4d1d1d188b6acde9bb7d6f24ffd03ad This is around d3 elo. I was 2/0 in lane until my botlane and toplane wet the bed. Chogath died around 4x by the 5 minute mark if I'm not wrong, and as ahri I just barely hit 6. But besides the point how is this even legal?",reaction,,
"Up to date guides for Olaf in the Olaf mains Discord I've now seen 2 post within a short time span on the Olaf mains reddit asking about Olaf and for help on how to learn and play him. Myself and many others have been very very slowly (sorry) making a guide for all purposes that's easy to edit for me so when Olaf changes I can adjust it from patch to patch, season to season. This is a glimpse of what's available to read. We are also very very slowly (sorry XD) creating a matchup guide for all champs in ALL roles as well as how to deal with them later in the game, think teamfights and rotations. If this interests you, the link to the Olaf mains community discord is below, and if you have any questions AMA Discord -> [https://discord.gg/ZJV5yscJ3H](https://discord.gg/ZJV5yscJ3H) https://preview.redd.it/7qem0y3rgc8h1.png?width=1547&format=png&auto=webp&s=e15ddec85c0394902345f1d3f726c156f53cd92d https://preview.redd.it/krk0otmqgc8h1.png?width=505&format=png&auto=webp&s=206a14f72dd0c4fed6ad3d7291f4e7602739117b https://preview.redd.it/snznms2qgc8h1.png?width=1174&format=png&auto=webp&s=54d424eaf9cd9b3c6ddd03f9ea7cf01ca469f561",reaction,,
"What Champions Can Actually Adapt Their Build Every Game? What I mean by this is that I like my skill expression to show not only through my gameplay, but also through the items I choose to buy. I enjoy champions whose itemization opens up a lot of different and complex playstyles depending on the situation. &#x200B; I used to play Ryze, but now you're basically forced into the same three items every game. I also used to play Gangplank, but nowadays the only viable playstyle is crit. That leaves me with Sion, who can still be played as lethality, bruiser, resistance tank, or HP tank. &#x200B; So, what other champions offer the same kind of freedom that Sion currently does? I'm looking to expand my champion pool.",question,reviewed; was fallback; relabeled reaction->question,
"Is there a way to zoom out further in the replay tool? I find the normal zoom too small for reviewing VODs, especially teamfights. I know in pro play their spectator tool allows them to zoom out further to get more of the action on the screen. Is this possible in regular replay tool as well?",question,reviewed; was fallback; relabeled reaction->question,
"ADC may be the easiest role this season I peaked platinum 1 as a jungle main with years of experience playing shaco and various junglers. I have some sort of mastery on most champs in each role. Recently I transitioned to support and stayed p1 one game off emerald until I went on a hard descent from playing solo, some times not playing well, Often times being highest or second highest damage player on the team. I dropped to Gold 1 50 LP from this following a descent to plat 4 0 lp then internet issues causing a remake to make me lose 50 lp and go to gold 1 50 lp. After this I noticed the game was heavily decided on adc as long as you dont ff. I just went on a 13 game winstreak running cait, senna, seraphine adc. I’ve barey played adc before but understand the macro game and lane state from jungle/support perspective. This has gone to make me believe that adc is the easiest role in the game. I have consistently hard climbed with shaco jgl when i take the game seriously with a 80-90% wr thru plat. Then i get bored of the same shaco jgl gameplay. Believe I never bit my true peak on this role/champ However I pretty much hit my actual peak playing champs I have very limited mastery on just from playing the adc role. If you want to hard climb thru plat, learn adc, lane states, and macro. Make the right plays, don’t ff. You’ll surprise yourself. Perhaps I am smurfing from jgl perspective without actually hitting my true peak, but it has never felt easier to win as an adc i",hot_take,reviewed; was fallback; relabeled reaction->hot_take,
"Why is match quality on weekends noticeably worse? Match quality in any game is going to be worse on weekends. More people playing = more variance, but I really do feel like this is especially bad with League. Not just from a skill disparity standpoint, but from a noticeable difference in mental. The amount of flame, throwing, and overall toxic behavior on Saturday and Sunday is 10x what I experience during the entirety of the work week. I don’t understand. It’s like they wait all week to play league and then hate it the entire time and take their poor experience out on their team. It’s upsetting because I love this game and obviously want to play it when I’m the most free, but it’s getting hard to justify it. To an extent I don’t even care about the skill disparity. I’d rather lose and have a fun game and a few laughs with randoms, than deal with this finger pointing circus of inters where I have to mute all 1/3 games. I don’t know what the solution is, or if there’s even one at all, but for the time being I think I’m just done with this game on weekends unless I’m playing in a 5 stack. Has anybody else noticed this / feel a similar way?",question,reviewed; was fallback; relabeled reaction->question,
"Mid streamers I know this role is dog shit and all and the quest needs a change but beside nemesis name one midlane streamer who consistently streams, every time i browse twitch its like 50 percent jg, 20 percent top, 20 percent adc, with how diverse the champion pool can be why is it that no one wants t o stream mid, maybe im watching at the wrong time but still...",hot_take,reviewed; was fallback; relabeled reaction->hot_take,
"G2 vs BLG is evenly matched except top lane unironically, i think the BLG matchup is mostly playable for G2 on paper. skewmond is skilled enough to match xun. caps demolished knight in first stand finals and has shown he can go toe to toe with the very best midlaners. blg's bot probably has a higher ceiling, but they are more inconsistent and has even been a liability at times. the only glaring issue is toplane. at first stand, bin would get massive individual gold leads that made the game insanely difficult. like i genuinely think if g2 and blg swapped top laners, g2 wouldve won the tournament. and i dont think bb will drastically improve this late into his career. so toplane will always be a massive hole against the very best toplaners. but despite their record, i think these specific rosters are pretty evenly matched except top lane. maybe if bin underperforms or we get a weakside top meta, g2 have a shot this msi.",hot_take,reviewed; was fallback; relabeled reaction->hot_take,
Remake needs 3 votes to pass. It's become an annoying occurrence where a remake vote is put up and the player deemed afk returns a few seconds later. Then two votes vote for remake and three people vote against. Why does the minority get precedence in this case if the majority want to keep the game going??,question,reviewed; was fallback; relabeled reaction->question,
"Is there a way to keep regular Clash notifications, but mute ARAM Clash notifications? It causes me emotional distress to log in and be reminded that we lost a month of regular clash for this dogshit mode. Thank you for your attention to this matter.",question,reviewed; was fallback; relabeled reaction->question,
"""that Drip"" challange HI, i wanted to know if anyone could tell me how the challange ""that Drip"" works. The wording istn really clear to me because it just says ""collect many skins for a single champion. My progress is 13 out of 15 but i do not own 15 skins for a single champ. i also could not find another metric that makes sense with my colleciton. neither a certain % of skins for a champ (i have 8 champs with more then 50% of their skins owned and 12 with at least 50%) nor a threshhold /i have 7 champions with 7 or more skins, 10 with 6 or more and 17 with 5 or more skins) and come out to 13 for me. Id love to know how the 13 i have in my progress is counted. Thanks for any ideas",question,reviewed; was fallback; relabeled reaction->question,
"123 Hubris stacks, world record? (Ranked) [123 Hubris stacks, world record? \(Ranked\) ](https://preview.redd.it/936qjxnfqh8h1.png?width=1920&format=png&auto=webp&s=87ef5f29ba59249781ac314eee3f52fd40a67155) I've never seen such a stacked hubris, do you think it's the world record?",reaction,,
why do bluetooth spells and autos exist? bluetooth garen ult nautilus auto so it happens when they flash onto you and you flash right away but right before you flashed they started the animation so even if you flash spell still hits you. do you think it should be this way?,question,reviewed; was fallback; relabeled reaction->question,
"Best role to climb? Hi im g4 top main i play camille olaf, i was p4 but it went down and i feel like its impossible to climb the ladder as top lanner, what is currently tje best role to climb with if there is such a role.",question,reviewed; was fallback; relabeled reaction->question,
"Rank placement I just came back to playing league of legends, is the rank it shows after playing your first 5 placement games the rank u will end up or can u get a higher rank after placements? My id is mater yoshi#EUNE",question,reviewed; was fallback; relabeled reaction->question,
"Swiftplay the mode to just mess around? I'm new in the game since I started like two months ago. I do enjoy the game. Most of the time, I'm on Draft and Ranked. But when I just want to do some quick matches, I go on Swiftplay. The problem I've been experiencing a lot recently is the amount of players soft-inting. There are a lot of examples, but what gets me is when they keep using the ""it's swiftplay"" line over and over to justify it. &#x200B; I'm sorry, but as a new player, am I missing some kind of culture of the community? Is that mode really to just mess around? &#x200B; I don't know if it's also because I'm in low elo. I'm in Silver 2. For those in high elo that sometimes do swiftplay, are you also facing these people inting? I'd like to also hear from those higher rank just so that I can finally get some context.",question,reviewed; was fallback; relabeled reaction->question,
"MSI 2026 Caster Drinking Game Take a drink when CaptainFlowers does his famous 'rap god' play-by-play. Take a drink when Azael says the word ""Interesting"". He says it 24/7! BTW Take a drink when Sjokz flames/roasts someone. Take a drink when Drakos complains about a game being 'too slow' or 'boring' 'not enough kills' etc even when there'll be like 30 kills at 25 mins. Take a drink when Laure interviews a player or talks on the broadcast desk and you can't understand a word she says. Congratulations on the baby! Take a drink when Kobe does his 'humor laugh' at someone's joke or comment only to immediately go back to what he was saying before. Take a drink when Emily talks in a upspeak type of style. She and Kelsey Moser are known to **talk in a weird and kinda ? sorta way??** Take a drink when Jatt says ""Yeah"". Take a drink when you see Raz smiling.",reaction,fallback,
"AMA - I escaped emerald and hot Masters for the First time + What to do now + Deal with mental fatique So This Season was it, i escaped emerald and finalmy Hit Diamond and now Even Masters. First of all i want to know what i can do now to improve? Im working on my map awarenes and my Vision Game.. but there have to be more things to work on. How do i start Noticing what i can improve? Reviewing my Games and watching Pros play? And How do i Deal with mental fatique? I feel Like i Hit a Point in league of legends where i Need to be so focused that i only can Play 3-4 Games before i cant Focus anymore.. or Not Even 1 Game Cause i was working earlier and my Head is fatiqued from that. Is there a way to deal with that? Now to my Story I started This Season as usual playing toplane Riven and it started better then the last ones because i started playing without Chat and if someone started Spamming i just muted him and Focused on my Self. This didnt Only made me Play better and more consistent but made my teammates Troll less. Atleast i feel Like it, because they didnt get that mad Cause i wasnt arguing with them as usual. In General i would say mental is 50% of playing league. With this tec i hitted d2 61lp Then i decayed to emerald 75lp and took a Break for 2 months. 4 weeks ago i started playing again but i was tired of playing toplane so i went midlane with Viktor/riven. This is the Point where i Hit Masters Like 3-4 days ago. I try Improving now and try to Go",reaction,,
"How rare is getting a Prestige skin as a skin shard reroll? https://preview.redd.it/sxl1uu2j1e8h1.png?width=782&format=png&auto=webp&s=773d259c8edf8ce6f6421698cbde7d4b49735755 I actually got this skin on a reroll way back right at the start of playing League maybe about 2 years ago, and at the time I thought it was sort of a common thing but now that I'm two years into playing the game and I've never gotten another, I'm starting to think it's rare. I've gotten a boatload of legendary skins as well as two ultimate skins (Udyr and Lux) but not another Prestige skin. Anybody know if there are posted odds anywhere for what skin rerolls we can get? Or is it really completely ""random""?",reaction,,
Looking for a Specific Lesgue of legends Video Hii Everyone! Ive been looking for years and at this point im turning to Reddit because noone i know knows Anything about og League of Legends youtubers. im looking for a Video thsts was Called something like Starburst Thresh Build. This happened in the era where the Dark Star Thresh came out and you were able to have fully customized Stats with Rune Pages and Masterys separated. in the background of the Montsge was also a Song Called: Starburst - Live by the Rodger Fox Big Band. if anyone has any clues pls do tell🙏,question,reviewed; was fallback; relabeled reaction->question,
"there is this conversation about TT and Dominion every once in a while, and people keep forgetting that it was first reworked and then removed in both cases because it was unpopular I also played TT. Like, once a month. I don't think that warrants pulling resources into a dead mode",hot_take,reviewed; was fallback; relabeled reaction->hot_take,
"ioki, Zwag, and Prof Akali (who hopefully quiy Youtube after his 17th ""im quitting video) are legit the bottom of the barrel garbage when it comes to league Youtubers. Closely followed by Nightblue and Pantsaredragon eho I think was exposed as being a child pred, but is so irrelevant that it didn't become a big deal.",hot_take,reviewed; was fallback; relabeled reaction->hot_take,
"Oh my god FINALLY! DAMMMNNN I ranked up! Platinum :(((( Finally climbing to something that isn't silver or gold... I know it's a rank that isn't actually high elo, but my god, how BAD I've been at this game has no name. I'm not playing anymore this season, I'm calling it a day.",reaction,manual override,
"It's weird because I am sure we already had this before with old Liandries and Rilays when they had a different duration based on spell type, and I don't remember them working the way DFT is currently implemented where you are losing duration",reaction,fallback,
"It's not about changing champions and/or lanes you play, it's about improving your gameplay on champions and lanes you currently play on. Guides from YouTube are enough to learn what you are doing wrong.",hot_take,reviewed; was fallback; relabeled reaction->hot_take,
"Good job! Its time to try this random Jungle Champ and join my team. Kidding, keep your spirit and play what you are good with",reaction,manual override,
"What is one non-meta item you use on your champ which works well? Curious to see if anyone sticks to certain items that aren't used by anyone else on their champs (and it works well). I feel league is always following cookie cutter builds but changing itemization after 1-2 core items. So im not talking about those, Im talking about an item that is not on any of the standard builds you see on the data sites like mobalytics/u g/ op gg etc, not even as a fourth fifth sixth item etc. For example, there was this korean challenger who used to spam zeke's convergence on assassins like naafiri and talon or use Bastionbreaker on vayne, but literally no one else or no sites recommend these.",question,manual override,
"Do you prefer turning skin you don't want into orange essence or do you gamble? By gamble i mean like using 3 of them to get 1 permanent skin. Me personally it's depend of i already have a skin i want or not if i do then i probably turn one I don't want into orange essence but if i don't i would gamble, though it still hurt to get a skin below epic that way.",question,manual override,
"What is the tankiest passive in the game? My friend asked me to make champions with abilities that currently exist and all abilities exist as written on the button they’re assigned to. I made an ADC(Caitlyn AA range, Jhin passive, Camille Q, Sivir W, Udyr E, Xin Zhao R.) If we were making an absolutely demonic tank champion, what(non-4 buttons) passive would it have?",question,manual override,
"Is T1 hosting all these teams for MSI? Ive just come across videos of G2, KC, Caedrel in the scrimming (or streaming). Why are there so many of them there? &#x200B; I know BFX is hosting another team also. Just curious why T1 is hosting more than 1. Thank you!",question,manual override,
"Which player is the best OTP in League? As in, not necessarily who is best in the game in general, but who is just the absolute pinnacle of their specific champion? &#x200B; My mind goes to a few people like Azzapp, Pzzang, NattyNatt, and Phantasm. I'd like to know about your personal picks.",question,manual override,
Who are you supposed to run Time Warp Tonic on?? Anyone??? Anyone???? Or is this rune merely a figment of our imagination. or is there a reason riot hasnt touched this rune,question,manual override,
"Beginner, NEED help Hey I am very new to this game, I really need help with picking a main. I found kha zix and hecarim to be super cool (ESPECIALLY hecarim he looks awesome) But everyone is saying jungle is too hard for a beginner? I have loads of hours on deadlock (idk if that counts for anything) but i have spent a lot of time deciding who to main and hecarim is calling my name it seems. I really dont wanna bot lane or top lane tbh. So if jungle is in fact way too hard for a beginner then could someone help me choose a main who looks cool, & who runs mid? Or could you maybe convince me that jungling will in fact be ok haha. (Hecarim i will meet you one day brother if today is not that day)",question,manual override,
"Totally new to LoL Hello everyone, I downloaded League literally 3 days ago, and I’ve been playing it every day ever since, and so far i found it quite entertaining to play! Though by biggest question and confusion right now are which Champion I should play as beginner. So far, Ahri is my favourite Champ and i like to play her a lot, but I’ve read she isn’t the best for beginners to learn and understand the fundamentals of the game, but honestly I downloaded League with the tought i won’t be try harding this game at all, and downloaded it mainly just out of curiosity, and honestly im just fine with playing Bots. From what i noticed i mostly enjoy playing Mid line but i would like to try Bot line as Support or ADC, but again i dont know with what Champion i should start with.",question,manual override,
"Emerald/Plat since Season 2, peaked D3 a couple times -is Master actually realistic at this point? Long time player, first time poster here. Been playing since 2012 and I’ve basically lived in Emerald/Plat my entire career. Jhin ADC main, and I’ve cracked Diamond 3 a couple of splits but always seem to plateau there or slide back down before I can push further. Genuinely asking for anyone who was stuck in a similar Plat/Emerald loop for years and eventually broke into Master, what actually moved the needle for you? • Switching champs or role to something with a clearer climbing identity • VOD reviewing your own games • Mindset/tilt management, taking breaks etc • Coaching or a structured improvement plan • Just raw reps and patience over time Not looking for a quick fix, just keen to hear what’s actually worked for people who were in a similar spot. Cheers.",question,manual override,
"Why do World Cup skin chromas like Sweeper Rammus never come back? Does anyone know why Riot never brings back the chromas for World Cup skins, like Sweeper Rammus? The skins themselves sometimes return, but the chromas seem to have been unavailable for years. I waited for them during the 2022 World Cup and nothing happened, and now in 2026 it looks like they still are not coming back either. Is there any official reason why these chromas are never available again, or did Riot just forget about them?",question,manual override,
"How to play LOL (as a Brawl player) I want to play LOL but it seems very confusing at first. I do play a lot of PC games but the only game that seems remotely close to lol (which I have played) is brawl stars. I used to be master in Brawl Stars and I know some concepts in LOL but most things seem very strange to me. Can someone explain to me how to play, tips, and a general guidelines of things to do? Thanks. &#x200B; P.S. Sorry if I have made any mistakes, Eng is not my first language \^\^",question,manual override,
"Coaching needed I lowk hit a plateau and im stuck on plat . Idk what im doing wrong,dk how to improve. anyone passionate enough to give me coaching on the toplane?",question,manual override,
"how does the clash tier works? https://preview.redd.it/4k68iise4h8h1.png?width=1585&format=png&auto=webp&s=cdc84d7a07fd42e522ab564d8d7a9b2a7e322bc4 on top is my team and bottom is the enemy team, both teams apparently tier 4 how? the 2 unranked teamates 1 is lv 40 and another is in placements bronze this ain't fair, what is tier 1? only challengers",question,manual override,
"How to know what kinds of items to buy? I just started playing a week ago (mainly mordekaiser, but trying out as many as I can) and up until now , I have been buying items based on the recommended section in the shop only. This worked find until several times when I go against another Mordekaiser i always end up being the weaker one somehow. For example, the other mordekaiser was able to use his R on me while mine was still locked. I ended up looking through the shop catalogue and figured out how the items were sorted based on what stats they can give u. I know that on Mordekaiser's champion page it shows how much they use abilities vs attack. Mordekaiser's is somewhat in the middle-leaning abilities. If hes technically both, how do I know which items to buy (ability power vs damage). I",question,manual override,
"Is Swiftplay a good way to improve and sharpen my skills? Hello! I am continuing to sharpen my skills with ranged champs (mages, marksmen). I would then do tanks/fighters then finish with assassins. I've been enjoying Swiftplay since it is more forgiving and people aren't as sweaty or try-hard. So, that said, should I continue playing Swiftplay to improve at League? Part of the benefit of Swiftplay is not having my champs banned and getting into game faster since I select champs pre-queue.",question,manual override,
Need help finding someone suited to my playstyle as a new player I come from Overwatch as a newish player. I started about 3 weeks ago and am currently level 23. I’ve been balancing around ADC and Jungle as my favourite roles and am loving the game. I was a Tracer one trick and haven’t been able to find a champ in lol that scratches that high ceiling crack head itch that she had. If anyone has suggestions of champs that I would like they’d be very welcome,question,manual override,
Help starting yall i need help starting league i play valo a lot maining raze if it matters. Idk anything about league just watched a starter guide didn't follow with much im gonna play the in game tutorial after making this. But i was wondering what champ should i play i like agro i guess idk just what are any good champ i don't mind high skill celling just any good champ. But someone respectable. Thanks! :),question,manual override,
"How to climb out of elo hell? (bronze to silver) A while ago a used to solo queue ranked alot and the max I got was silver 1 (97 lp), then i got 11 game straight loose streak which put me in bronze 1 and I quit playing for a while. Now I started to play again I got put into bronze 1 after the placement matches, then a 9 game straight loose streak greeted me. Any suggestions on champs i should play or what lanes to pick? (I usually play mid and bot.)",question,manual override,
"As a new player how do I get better? I've been playing for almost a week and have decided to main Jinx but currently have like won 1 game and lost 10, Idk what to do, Like I know the basics and how to play as jinx, how to lane how to rotate and kite and how to build and all of that, but when it comes to executing it especially in team fights I get overwhelmed and lose track of my character, sometimes just ruining my positioning etc, tips?",question,,
"Youtubers/Streamers for high elo mid gameplay and educational content? Hello, i'm at my all time highest in soloq at master 110 lp this season. I'm mid main and i also try to play wide variety of champs. I main zed but i don't want to be an otp, i try to improve my champ pool so added most of the mages as well. This is my op.gg if you are interested to leave a comment on my games, pretty much appreciated if you do: &#x200B; https://op.gg/lol/summoners/euw/gothloverr-zed &#x200B; I want to improve my gamestyle, so which channels do you recommend me to watch? Looking for mid players specifically. &#x200B; Currently following: &#x200B; Nemesis Naru (turkish streamer, ex e-sport player) &#x200B; And sometimes i watch jungles as well, to improve my game overall/ if mid youtubers didn't uploaded video recently. &#x200B; Closer 113 &#x200B; Thank you sincerely.",question,,
"The Clash UI is so bad. Clash is my favourite way to play, but why does Riot make it such an awful experience to try and organise? When you get invited to a team, if you try to view any profiles it just bugs out the client and you need to move out of clash and move back into the tab to get it working. Looking for players and teams is also so limiting - it's around 6 pages of the same teams or players (who may not even be online and ready with no way to check), and has no filters. It makes me miss the official forums - being able to write a short paragraph about what you are looking for and any preferences you have seems like such an obvious thing to include, which was such an easy process back then, I even met my best friend in season 2 through the competitive ranked 5s posts. I would say this all sounds like an easy fix, but with the client the way it is, fixing this may somehow create a bug with how Yorick Maiden works or something lmao.",question,,
"how to improve as ADC? hi, I started playing league last year I went from iron 4 to gold 3 playing as ADC then I stopped playing for 8 months because I found the game too time consuming. I came back to the game two weeks ago and I've been trying to climb, but I'm stuck in silver lol. I know my gameplay isn't perfect. I usually win my lane about 80% of the time, but the problem seems to be the mid game. Maybe I'm not impactful enough? What can I do to help my team more? I always play around objectives and I think I have pretty good map awareness, but sometimes I feel useless when an enemy gets really fed. By the way, I mainly play Ashe and Sivir. Are they good champions in the current meta, or should I consider learning other ADCs? Thanks!",question,,
"Do honors from teammates count toward reducing an Honor restriction? Hi everyone, I have a question about the Honor restriction system. When your account has an Honor restriction, the client usually says you need to play a certain number of games without receiving valid reports in order to recover progress. My question is: do honors received from teammates at the end of a match actually count toward reducing the restriction faster, or is the restriction mainly reduced by simply playing the required games without getting reported? I’m asking because, in my opinion, honor is not something people just hand out for free. Most of the time, it is earned through good behavior, solid teamwork, and clean gameplay. Of course, there are always exceptions — and I guess there are also people who beg for honors — but generally speaking, receiving honor should mean that other players recognized positive conduct during the match. So, does the system take that into account while someone is under an Honor restriction, or are post-game honors ignored until the restriction is fully cleared? Has Riot ever clarified this officially, or has anyone tested/experienced this recently? Thanks.",question,,
"How to climb out of elo hell? (bronze to silver) A while ago I used to solo queue ranked a lot and the max I got was silver 1 (97 lp), then I got an 11 game straight lose streak which put me in bronze 1 and I quit playing for a while. Now I started to play again I got put into bronze 1 after the placement matches, then a 9 game straight lose streak greeted me. Any suggestions on champs I should play or what lanes to pick? (I usually play mid and bot.)",question,manual override,
How to climb out of elo hell? (bronze to silver) Any suggestions on champs i should play or what lanes to pick? I usually play mid and bot.,question,manual override,
"Is T1 hosting all these teams for MSI? Ive just come across videos of G2, KC, Caedrel scrimming. Why are there so many of them there? I know BFX is hosting another team also. Just curious why T1 is hosting more than 1.",question,manual override,
"What is the tankiest passive in the game? If we were making an absolutely demonic tank champion, what passive would it have?",question,manual override,
"Totally new to LoL Hello everyone, I downloaded League literally 3 days ago. My biggest question right now is which Champion I should play as beginner. So far, Ahri is my favourite Champ.",question,manual override,
"Coaching needed I lowk hit a plateau and im stuck on plat. Idk what im doing wrong, dk how to improve. anyone passionate enough to give me coaching on the toplane?",question,manual override,
"How to play LOL (as a Brawl player) I want to play LOL but it seems very confusing at first. Can someone explain to me how to play, tips, and general guidelines?",question,manual override,
"Emerald/Plat since Season 2, peaked D3 - is Master actually realistic at this point? Genuinely asking for anyone who was stuck in a similar Plat/Emerald loop for years and eventually broke into Master, what actually moved the needle for you?",question,manual override,
how does the clash tier works? Both teams apparently tier 4 but the 2 unranked teammates - one is lv 40 and another is in placements bronze. What is tier 1? only challengers?,question,manual override,
Is Swiftplay a good way to improve and sharpen my skills? Should I continue playing Swiftplay to improve at League? People aren't as sweaty or try-hard.,question,manual override,
Need help finding someone suited to my playstyle as a new player I come from Overwatch. I was a Tracer one trick and haven't been able to find a champ in lol that scratches that itch. Any suggestions?,question,manual override,
"Help starting I play valo a lot maining raze. Idk anything about league. What champ should i play? I like agro, don't mind high skill ceiling.",question,manual override,
How to know what kinds of items to buy? I just started playing a week ago on Mordekaiser. How do I know which items to buy - ability power vs damage?,question,manual override,
"Which player is the best OTP in League? My mind goes to Azzapp, Pzzang, NattyNatt, and Phantasm. I'd like to know about your personal picks.",question,manual override,
"The Small Town effect of high-elo: How do you navigate the lobby meta when you play with the exact same people every day? For players in GM and Challenger, how much of climbing is about playing the game vs playing the lobby?",question,,
Role selection- bronze elo jungle main My question is as a jungle main should I spend time playing mid or toplane to learn lane fundamentals and if so which one?,question,,
Quick question for support mains: when do you actually leave lane after level 6? I keep getting pinged for roaming too early or too late.,question,manual override,
Why does every new player guide say farm better but never explain how to crash a slow push safely before roaming?,question,manual override,
"This is common, not just for league but life in general. You hear a lot of stories from Olympians struggling with the time after winning, they've been working towards a goal for years, get there and after all everything is mostly the same.",analysis,reviewed; was fallback; relabeled reaction->analysis,
To get challenger you either need to be unemployed full time gaming or streamer. If you work or have a family there is pretty much impossible to get challenger,hot_take,reviewed; was fallback; relabeled reaction->hot_take,
"T1 has good relationships with a lot of the teams, they have spent years building them so I'd assume they are fine spending a bit more on space and pcs for the teams that come",hot_take,reviewed; was fallback; relabeled reaction->hot_take,
So I am probably in the minority but imma say it. I enjoy that it is a guessing game. I think it rewards draft analysis. I also think it rewards item and playstyle flexibility.,hot_take,reviewed; was fallback; relabeled reaction->hot_take,
"Not gonna lie, I've played since season 1 and the variety right now is at an all time high or close to it. Also being able to pick your role and having important objectives are hilarious complaints.",hot_take,reviewed; was fallback; relabeled reaction->hot_take,
Want to hear something funny? I've been an ADC main and I've been working to switch to top lane. I got tired of being so reliant on someone else's decisions,reaction,fallback,
No one. It's a terrible rune that needs reworked/replaced. It used to be decent on some champs when Corrupting Potion existed but after that got removed TWT lost its niche,hot_take,reviewed; was fallback; relabeled reaction->hot_take,
"I think its just a remnant of old, back in the day where Corrupted potion existed which regened both Hp and mana on top of giving you a burning effect as well, it was very solid with Time Warp Tonic, now it does feel kinda useless.",hot_take,reviewed; was fallback; relabeled reaction->hot_take,
Thats a very interesting way to describe his Q. The fact its an ability you can use to farm in any matchup no matter how bad it is makes him a very good laner. He never really loses lane. There has been times people just B1 him with no bans because they know they can get away with it.,hot_take,reviewed; was fallback; relabeled reaction->analysis; reviewed relabeled analysis->hot_take,
We were told teams HAD to start players like Ceos and Lyonz because there was no support talent in NA. Cryogen proved them wrong. Do better scouting guys!,reaction,fallback,
Yes I've got Zac Camille yasuo and rumble supp at this point lol idk tbh I'd genuinely just lock champions to lane I don't wanna play against champs that are not balanced to be in my lane.,reaction,fallback,
"ioki, Zwag, and Prof Akali are legit the bottom of the barrel garbage when it comes to league Youtubers. Closely followed by Nightblue and Pantsaredragon.",hot_take,reviewed; was fallback; relabeled reaction->hot_take,
"I think its just a remnant of old , back in the day where Corrupted potion existed which regened both Hp and mana on top of giving you a burning effect as well , it was very solid with Time Warp Tonic , now it does feel kinda useless.",reaction,fallback,
2000 LP is not enough anymore for Challenger rank on EUW Not sure how people generally feel about this. Is it exciting to see numbers go higher and higher? Is it discouraging to reach master and knowing you will never get close to rank 1?,question,reviewed; was fallback; relabeled reaction->question,
"I reached, for the first time ever in 13 years playing, Master in solo duo I wanted to share this accomplishment of mine. Many times I found myself hating the game, and then getting back to it for friends.",reaction,manual override,
Tied for Most Damage Done Me and my team's Diana hitting the exact same damage in a 34 minute game. I just wanna know how infrequently this has managed to happen.,reaction,manual override,
Evelynn drawing by me I really like Evelynn so I decided to drawing her. Could you rate it from 0 to 10?,reaction,manual override,
"I Got All the Scopes in Mayhem I got Scopiest, Scopier, and Scoped weapons all in one game of Aram Mayhem. Especially on Kayle it felt very powerful.",reaction,manual override,
old frames? I logged into the game today and everyone had their old frames for their pfp except one of my friends. Did anyone else experience this bug?,reaction,manual override,
MSI 2026 FINALS In a Movie Theatre I ran a Worlds Watch Party for 2025 and it was an amazing time. Thinking we run it back for MSI. Grab a ticket at msiwatchparty.app,reaction,,
"Guess who won the game from the draft : Thanks for the feedback, here's a new update I've finally made the site usable on mobile. I also added the possibility to enter your own Riot ID and get games from players around a similar rank.",reaction,,
"[FIX] Valorant -81/ League of legends VAN 57 I spent close to three weeks fighting VAN 57. Finally fixed it, and the actual root cause on my machine wasn't anything the usual guides mention, so here's the writeup.",analysis,reviewed; was fallback; relabeled reaction->analysis,
Is it worth learning wave management before Gold? Every guide says CS wins lanes but in my Bronze games people just ARAM mid and waves never crash properly. Should I still practice freezing and slow pushes or just focus on champ mechanics until I climb higher?,question,manual add; replaced coaching promo row (not a valid label),
